population_size,generations,crossover_rate,mutation_rate,use_2opt,num_runs,mean_distance_km,std_distance_km,min_distance_km,max_distance_km,mean_execution_time,std_execution_time,mean_improvement_pct,mean_convergence_gen,feasible_rate
100,20,0.6,0.01,True,3,25.1995,3.5001,21.4994,28.4577,0.25,0.06,58.32,6.7,0.0
100,20,0.6,0.01,False,3,28.3811,4.0695,24.0684,32.1533,0.12,0.07,62.37,7,0.0
100,20,0.6,0.05,True,3,20.9815,1.4916,20.0262,22.7003,0.21,0.0,69.18,6.7,0.0
100,20,0.6,0.05,False,3,26.8596,2.7573,23.82,29.1999,0.08,0.01,63.06,7,0.0
100,20,0.6,0.2,True,3,20.6839,1.5901,19.1922,22.3568,0.22,0.01,80.67,7.3,33.3
100,20,0.6,0.2,False,3,21.6277,0.9371,20.6384,22.502,0.09,0.01,59.45,9,0.0
100,20,0.6,0.5,True,3,20.6225,1.8566,19.4646,22.764,0.25,0.01,79.12,6.7,66.7
100,20,0.6,0.5,False,3,25.8481,3.646,21.7346,28.6813,0.1,0.01,48.88,5.7,0.0
100,20,0.7,0.01,True,3,20.9062,2.5315,19.4238,23.8293,0.21,0.0,66.49,6.3,66.7
100,20,0.7,0.01,False,3,25.8381,2.1154,24.4074,28.268,0.1,0.01,53.03,7,0.0
100,20,0.7,0.05,True,3,22.0717,2.4997,19.5668,24.5661,0.21,0.01,71.02,6,33.3
100,20,0.7,0.05,False,3,25.3608,0.76,24.5462,26.0509,0.1,0.01,51.29,4.7,0.0
100,20,0.7,0.2,True,3,23.8266,2.0453,21.5322,25.4588,0.22,0.01,74.1,6.3,0.0
100,20,0.7,0.2,False,3,22.945,4.3508,19.4457,27.8164,0.09,0.0,71.74,6.7,33.3
100,20,0.7,0.5,True,3,21.6944,1.6596,19.8049,22.916,0.24,0.02,68.11,6.3,33.3
100,20,0.7,0.5,False,3,24.2267,3.8987,21.5161,28.6947,0.09,0.01,72.35,6.3,0.0
100,20,0.8,0.01,True,3,19.6811,2.6787,16.8401,22.1608,0.21,0.0,70.85,5.3,33.3
100,20,0.8,0.01,False,3,22.5465,0.8689,21.9206,23.5386,0.09,0.0,59.53,7,0.0
100,20,0.8,0.05,True,3,22.44,2.0538,20.0685,23.6421,0.21,0.01,62.61,6.7,0.0
100,20,0.8,0.05,False,3,21.9129,0.4327,21.4949,22.359,0.09,0.0,73.46,7.3,0.0
100,20,0.8,0.2,True,3,19.3238,2.7769,16.1413,21.2537,0.22,0.01,73.98,6.7,33.3
100,20,0.8,0.2,False,3,25.928,8.3325,20.9666,35.548,0.09,0.0,52.24,4.7,0.0
100,20,0.8,0.5,True,3,21.5642,1.451,19.9893,22.8469,0.24,0.01,73.92,6.7,33.3
100,20,0.8,0.5,False,3,23.4416,2.8163,21.1875,26.5987,0.09,0.01,60.8,7.3,0.0
100,20,0.9,0.01,True,3,20.8636,0.3545,20.5648,21.2553,0.24,0.07,71.17,6.3,0.0
100,20,0.9,0.01,False,3,25.115,3.3011,22.6175,28.8576,0.09,0.0,60.06,6.7,0.0
100,20,0.9,0.05,True,3,20.1948,1.4362,18.6416,21.4748,0.21,0.01,65.48,7,33.3
100,20,0.9,0.05,False,3,23.2969,2.5217,20.7774,25.8207,0.09,0.0,59.82,6.3,0.0
100,20,0.9,0.2,True,3,21.6606,1.0443,20.8531,22.8399,0.23,0.02,66.61,6.3,0.0
100,20,0.9,0.2,False,3,23.156,4.1576,19.0739,27.3852,0.08,0.01,68.98,6.7,33.3
100,20,0.9,0.5,True,3,18.9179,1.7257,16.9577,20.2082,0.24,0.01,78.12,8.3,66.7
100,20,0.9,0.5,False,3,22.1121,3.6045,18.0585,24.9567,0.09,0.0,73.75,9.7,33.3
100,40,0.6,0.01,True,3,19.794,1.2128,18.4647,20.8403,0.36,0.0,78.69,6.3,33.3
100,40,0.6,0.01,False,3,23.7108,3.3059,21.4506,27.505,0.15,0.01,59.08,7.3,0.0
100,40,0.6,0.05,True,3,20.8843,1.4485,19.3054,22.1516,0.41,0.02,63.05,6.7,33.3
100,40,0.6,0.05,False,3,24.0004,3.3805,21.6487,27.8743,0.17,0.01,64.25,6,0.0
100,40,0.6,0.2,True,3,20.476,2.5113,18.4318,23.2792,0.41,0.02,78.41,7,66.7
100,40,0.6,0.2,False,3,25.5664,2.819,22.6763,28.3085,0.16,0.01,63.82,5.3,0.0
100,40,0.6,0.5,True,3,21.1133,1.7195,20.0701,23.0979,0.49,0.04,65.56,7.7,0.0
100,40,0.6,0.5,False,3,22.7473,3.7895,18.6287,26.0866,0.17,0.01,62.87,8,33.3
100,40,0.7,0.01,True,3,22.2561,0.7246,21.4218,22.7274,0.43,0.09,70.77,7.3,0.0
100,40,0.7,0.01,False,3,25.0474,1.3051,23.7505,26.3606,0.16,0.01,54.1,8,0.0
100,40,0.7,0.05,True,3,19.8212,0.7853,19.0829,20.6462,0.38,0.03,75.15,6.7,66.7
100,40,0.7,0.05,False,3,23.3589,3.1962,20.2552,26.6402,0.16,0.0,69.13,7.3,0.0
100,40,0.7,0.2,True,3,18.1899,2.0151,15.9874,19.9412,0.4,0.02,74.37,8.3,100.0
100,40,0.7,0.2,False,3,22.0118,2.441,20.1785,24.7826,0.15,0.01,67.04,5.7,0.0
100,40,0.7,0.5,True,3,23.0318,4.3128,18.1445,26.3036,0.54,0.03,59.98,6.3,33.3
100,40,0.7,0.5,False,3,24.7735,3.5306,21.4478,28.4784,0.2,0.06,65.22,7.3,0.0
100,40,0.8,0.01,True,3,23.824,2.2461,22.3403,26.4081,0.43,0.03,69.02,5.7,0.0
100,40,0.8,0.01,False,3,25.0123,4.4257,20.167,28.8419,0.16,0.01,66.76,6.7,0.0
100,40,0.8,0.05,True,3,18.6069,0.5861,17.9361,19.0199,0.41,0.02,70.17,7.7,100.0
100,40,0.8,0.05,False,3,24.3774,5.2185,20.4198,30.2914,0.17,0.02,64.35,7,0.0
100,40,0.8,0.2,True,3,18.7231,2.5162,15.8707,20.6278,0.44,0.03,75.87,6.3,66.7
100,40,0.8,0.2,False,3,22.6776,2.5821,20.6805,25.5934,0.2,0.05,63.13,8.3,0.0
100,40,0.8,0.5,True,3,19.68,2.6391,16.6385,21.3641,0.49,0.02,76.31,6.7,33.3
100,40,0.8,0.5,False,3,23.585,4.6314,18.3842,27.264,0.19,0.06,72.95,7.3,33.3
100,40,0.9,0.01,True,3,18.4371,2.5409,16.3208,21.2551,0.32,0.05,77.74,7.7,66.7
100,40,0.9,0.01,False,3,21.4649,1.369,19.8975,22.4265,0.12,0.0,72.77,7.7,33.3
100,40,0.9,0.05,True,3,20.4295,1.5624,18.6529,21.5898,0.4,0.05,69.98,6.3,33.3
100,40,0.9,0.05,False,3,22.1583,0.4321,21.8872,22.6566,0.15,0.01,70.65,10,0.0
100,40,0.9,0.2,True,3,22.8924,2.5307,21.1259,25.7916,0.39,0.02,68.18,6.3,0.0
100,40,0.9,0.2,False,3,21.4075,0.6971,20.9936,22.2123,0.16,0.01,69.9,7.3,0.0
100,40,0.9,0.5,True,3,21.3418,1.9496,19.7696,23.5232,0.43,0.02,65.77,6.3,33.3
100,40,0.9,0.5,False,3,20.3378,1.1061,19.3259,21.5187,0.16,0.01,70.12,7.7,33.3
100,80,0.6,0.01,True,3,23.8267,6.8204,19.2946,31.6706,0.66,0.01,68.31,6,33.3
100,80,0.6,0.01,False,3,27.0602,6.1244,21.6129,33.6894,0.28,0.02,59.9,6.3,0.0
100,80,0.6,0.05,True,3,22.4631,2.1541,20.2898,24.5974,0.68,0.01,71.41,6,0.0
100,80,0.6,0.05,False,3,23.633,3.6189,19.6685,26.7592,0.27,0.01,63.84,5,33.3
100,80,0.6,0.2,True,3,20.8122,2.5953,18.4591,23.5959,0.85,0.06,76.62,6.7,33.3
100,80,0.6,0.2,False,3,25.8909,5.2515,22.7253,31.9529,0.29,0.02,58.48,7.3,0.0
100,80,0.6,0.5,True,3,21.9175,1.2605,20.5766,23.0782,0.83,0.04,76.88,5.3,0.0
100,80,0.6,0.5,False,3,24.5874,2.8157,22.4777,27.7847,0.26,0.01,68.0,6.3,0.0
100,80,0.7,0.01,True,3,23.1685,2.2017,20.9822,25.3852,0.67,0.01,70.06,6,0.0
100,80,0.7,0.01,False,3,22.0443,0.8797,21.0926,22.8277,0.27,0.01,56.26,6.3,0.0
100,80,0.7,0.05,True,3,22.6724,1.2759,21.2001,23.4553,0.69,0.01,66.33,7,0.0
100,80,0.7,0.05,False,3,25.4574,2.1055,23.7289,27.8023,0.28,0.01,63.18,7.3,0.0
100,80,0.7,0.2,True,3,21.839,0.6535,21.2527,22.5435,0.74,0.07,68.23,6.7,0.0
100,80,0.7,0.2,False,3,25.8691,3.4448,23.7967,29.8457,0.27,0.01,63.73,7,0.0
100,80,0.7,0.5,True,3,20.1246,2.3011,17.4885,21.7313,0.86,0.08,75.66,7.7,33.3
100,80,0.7,0.5,False,3,25.6788,7.7639,21.1441,34.6436,0.28,0.02,60.75,9.7,0.0
100,80,0.8,0.01,True,3,20.7084,3.6449,17.2253,24.496,0.68,0.02,76.17,6,33.3
100,80,0.8,0.01,False,3,28.9068,2.2852,27.0309,31.4519,0.27,0.01,53.08,5.7,0.0
100,80,0.8,0.05,True,3,20.2043,1.2017,18.8373,21.0942,0.7,0.01,64.08,8,33.3
100,80,0.8,0.05,False,3,21.9722,1.884,20.6567,24.1304,0.21,0.03,70.32,7.3,0.0
100,80,0.8,0.2,True,3,20.1391,0.9008,19.3197,21.1036,0.49,0.02,73.13,7.7,66.7
100,80,0.8,0.2,False,3,21.8265,1.705,19.9369,23.25,0.17,0.0,64.19,9.7,33.3
100,80,0.8,0.5,True,3,22.128,1.9307,20.1864,24.0477,0.61,0.01,69.59,7,0.0
100,80,0.8,0.5,False,3,24.6069,3.5171,20.9328,27.9426,0.2,0.0,71.33,8.7,0.0
100,80,0.9,0.01,True,3,20.0574,2.3937,17.3216,21.7659,1.05,0.21,77.11,7,33.3
100,80,0.9,0.01,False,3,23.6017,2.0499,21.5851,25.6833,0.51,0.05,72.98,6.3,0.0
100,80,0.9,0.05,True,3,20.9791,1.265,19.6758,22.202,1.3,0.12,77.26,5.3,33.3
100,80,0.9,0.05,False,3,20.3902,0.8235,19.6834,21.2945,0.56,0.03,76.88,6.3,33.3
100,80,0.9,0.2,True,3,22.0038,0.309,21.6821,22.2983,1.6,0.12,74.84,6,0.0
100,80,0.9,0.2,False,3,20.5326,0.5765,20.1202,21.1914,0.25,0.12,71.0,7,0.0
100,80,0.9,0.5,True,3,19.8309,1.6909,18.595,21.7579,0.57,0.05,76.65,8,66.7
100,80,0.9,0.5,False,3,22.745,1.8213,21.2481,24.7727,0.2,0.01,60.89,9,0.0
300,20,0.6,0.01,True,3,16.981,1.8973,15.8707,19.1718,0.45,0.03,75.34,8.3,100.0
300,20,0.6,0.01,False,3,21.177,3.3653,19.0184,25.0546,0.18,0.01,59.67,8.7,66.7
300,20,0.6,0.05,True,3,17.458,1.9885,15.2698,19.1546,0.48,0.11,68.2,7.3,100.0
300,20,0.6,0.05,False,3,18.2412,2.0627,15.8753,19.6616,0.17,0.01,74.28,9.3,100.0
300,20,0.6,0.2,True,3,19.6367,1.1959,18.4699,20.8597,0.45,0.01,68.34,6.7,66.7
300,20,0.6,0.2,False,3,17.7944,3.2195,15.7417,21.505,0.17,0.0,67.74,8.3,66.7
300,20,0.6,0.5,True,3,17.033,1.68,15.4234,18.7756,0.47,0.02,72.76,9,100.0
300,20,0.6,0.5,False,3,19.8479,0.146,19.7355,20.0129,0.17,0.01,65.16,8,66.7
300,20,0.7,0.01,True,3,15.9527,1.2059,15.2565,17.3451,0.4,0.01,74.38,7.3,100.0
300,20,0.7,0.01,False,3,19.7646,1.0412,18.5833,20.5491,0.14,0.01,62.95,8,33.3
300,20,0.7,0.05,True,3,17.796,1.4959,16.2023,19.1697,0.37,0.0,63.96,7.3,100.0
300,20,0.7,0.05,False,3,21.066,1.2291,19.7545,22.1915,0.14,0.01,65.81,10.3,33.3
300,20,0.7,0.2,True,3,18.2916,0.9545,17.1896,18.8559,0.42,0.05,70.76,6.3,100.0
300,20,0.7,0.2,False,3,18.0755,2.5532,15.2565,20.2326,0.17,0.0,68.88,10,66.7
300,20,0.7,0.5,True,3,17.8603,2.1929,15.4234,19.6744,0.48,0.02,65.72,8,100.0
300,20,0.7,0.5,False,3,18.1753,1.9307,16.7674,20.3763,0.17,0.0,67.07,9.7,66.7
300,20,0.8,0.01,True,3,17.5126,1.1293,16.2184,18.2981,0.38,0.02,64.46,7.7,100.0
300,20,0.8,0.01,False,3,20.6153,1.4062,19.1115,21.8977,0.15,0.01,65.35,9.7,33.3
300,20,0.8,0.05,True,3,19.3383,0.7714,18.4688,19.9405,0.37,0.01,71.85,7,100.0
300,20,0.8,0.05,False,3,19.3734,2.5116,16.8915,21.9137,0.15,0.0,59.87,7.3,66.7
300,20,0.8,0.2,True,3,16.8408,2.0664,15.4234,19.2118,0.44,0.01,73.0,7.3,100.0
300,20,0.8,0.2,False,3,19.175,0.6409,18.439,19.6104,0.17,0.0,70.95,10,100.0
300,20,0.8,0.5,True,3,17.6108,1.2249,16.8441,19.0234,0.48,0.01,56.94,6.7,100.0
300,20,0.8,0.5,False,3,18.6595,0.4495,18.2153,19.1142,0.15,0.0,70.64,10,100.0
300,20,0.9,0.01,True,3,18.3722,2.3622,15.6674,20.0297,0.37,0.01,60.15,7.3,66.7
300,20,0.9,0.01,False,3,18.158,1.3998,17.3441,19.7743,0.15,0.0,71.28,8,100.0
300,20,0.9,0.05,True,3,17.569,1.5615,16.2631,19.2986,0.39,0.03,58.55,7.3,100.0
300,20,0.9,0.05,False,3,17.0159,0.8354,16.3453,17.9517,0.17,0.0,68.56,10.7,100.0
300,20,0.9,0.2,True,3,16.7667,2.4553,14.8723,19.5406,0.46,0.02,71.77,6.7,100.0
300,20,0.9,0.2,False,3,16.1301,0.4595,15.6674,16.5864,0.17,0.01,78.78,8.7,100.0
300,20,0.9,0.5,True,3,17.8574,1.6284,16.2189,19.4755,0.46,0.03,69.15,8.3,100.0
300,20,0.9,0.5,False,3,19.015,0.9715,17.9517,19.8562,0.15,0.0,59.26,8,100.0
300,40,0.6,0.01,True,3,18.9421,0.9961,18.2041,20.0751,0.72,0.04,62.2,7.3,66.7
300,40,0.6,0.01,False,3,19.9365,0.9042,18.9575,20.7404,0.3,0.0,69.87,11.3,33.3
300,40,0.6,0.05,True,3,17.4873,1.4541,16.3208,19.1164,0.74,0.06,69.62,6.3,100.0
300,40,0.6,0.05,False,3,20.4895,1.3211,19.3769,21.9496,0.26,0.01,70.25,6.3,33.3
300,40,0.6,0.2,True,3,20.0662,0.9419,19.4479,21.1502,0.79,0.06,70.07,8,66.7
300,40,0.6,0.2,False,3,20.4125,1.3215,19.0367,21.6721,0.3,0.0,64.92,9.3,33.3
300,40,0.6,0.5,True,3,17.7974,1.4635,16.2573,19.1699,0.83,0.08,73.61,8.3,100.0
300,40,0.6,0.5,False,3,16.6973,1.3274,15.2565,17.8706,0.27,0.0,71.64,9,100.0
300,40,0.7,0.01,True,3,17.8944,2.0723,15.7417,19.8756,0.73,0.05,74.98,8.3,100.0
300,40,0.7,0.01,False,3,19.5047,2.4796,18.0137,22.367,0.3,0.01,62.32,8.7,66.7
300,40,0.7,0.05,True,3,18.162,1.8005,16.2051,19.7486,0.79,0.05,65.22,7,100.0
300,40,0.7,0.05,False,3,18.6254,0.8214,17.802,19.4447,0.28,0.03,65.45,8,100.0
300,40,0.7,0.2,True,3,16.8773,2.1292,15.4234,19.3212,0.85,0.03,71.99,8,100.0
300,40,0.7,0.2,False,3,19.0166,0.5025,18.6003,19.5748,0.3,0.0,67.26,10.3,100.0
300,40,0.7,0.5,True,3,17.7368,0.3596,17.3216,17.9494,0.93,0.03,70.98,8,100.0
300,40,0.7,0.5,False,3,18.0217,2.5947,15.2565,20.4033,0.29,0.02,67.08,10,66.7
300,40,0.8,0.01,True,3,17.1777,0.8595,16.2184,17.8778,0.72,0.04,62.11,7.3,100.0
300,40,0.8,0.01,False,3,19.5618,1.3626,18.4699,21.0888,0.3,0.01,67.57,7.7,66.7
300,40,0.8,0.05,True,3,16.5833,1.1938,15.2698,17.6022,0.77,0.04,76.24,8.3,100.0
300,40,0.8,0.05,False,3,17.7124,2.4755,15.6674,20.4645,0.27,0.01,67.53,8.7,66.7
300,40,0.8,0.2,True,3,16.5602,1.6097,15.4101,18.3998,0.82,0.06,75.48,7,100.0
300,40,0.8,0.2,False,3,19.579,2.0568,17.5022,21.6152,0.32,0.01,69.5,9.3,66.7
300,40,0.8,0.5,True,3,17.3023,1.8314,15.7417,19.3184,0.94,0.12,70.02,8.3,100.0
300,40,0.8,0.5,False,3,19.6445,0.6379,19.1192,20.3544,0.31,0.02,67.27,10,66.7
300,40,0.9,0.01,True,3,18.3808,2.6565,15.9649,21.2257,0.75,0.07,59.02,9,66.7
300,40,0.9,0.01,False,3,19.8343,0.618,19.1976,20.4317,0.34,0.03,58.82,7.7,66.7
300,40,0.9,0.05,True,3,17.8124,1.3901,16.2184,18.7724,0.8,0.01,73.3,7.3,100.0
300,40,0.9,0.05,False,3,18.1064,0.1823,17.9192,18.2833,0.3,0.0,67.62,10.3,100.0
300,40,0.9,0.2,True,3,16.9821,1.5837,15.2565,18.3691,0.77,0.04,74.66,8,100.0
300,40,0.9,0.2,False,3,18.2511,0.3726,17.8573,18.5981,0.27,0.01,69.29,10,100.0
300,40,0.9,0.5,True,3,18.1874,1.8299,16.1366,19.6533,0.89,0.11,70.2,7.7,100.0
300,40,0.9,0.5,False,3,15.9296,0.5419,15.4101,16.4915,0.32,0.0,74.56,8.3,100.0
300,80,0.6,0.01,True,3,18.0792,1.9334,15.9052,19.6061,1.37,0.08,69.48,8.7,100.0
300,80,0.6,0.01,False,3,20.3998,5.261,14.9866,25.494,0.55,0.01,59.7,6.3,33.3
300,80,0.6,0.05,True,3,18.4503,0.8275,17.5022,19.0272,1.54,0.02,64.27,7,100.0
300,80,0.6,0.05,False,3,19.0373,2.0364,16.9086,20.9668,0.57,0.01,68.21,9.7,66.7
300,80,0.6,0.2,True,3,18.1142,2.0998,15.7417,19.7338,1.61,0.03,63.43,6.7,100.0
300,80,0.6,0.2,False,3,19.0484,0.0945,18.94,19.1135,0.54,0.03,59.96,8.7,100.0
300,80,0.6,0.5,True,3,16.914,0.571,16.3619,17.5022,1.77,0.05,65.97,8.3,100.0
300,80,0.6,0.5,False,3,19.004,0.2372,18.7987,19.2637,0.55,0.04,71.13,10.3,100.0
300,80,0.7,0.01,True,3,16.994,1.1147,15.8873,18.1165,1.49,0.03,74.82,7.7,100.0
300,80,0.7,0.01,False,3,20.8035,1.7037,19.3842,22.6929,0.52,0.05,63.59,7.7,33.3
300,80,0.7,0.05,True,3,16.0432,1.2669,14.8635,17.3822,1.48,0.09,63.64,8.3,100.0
300,80,0.7,0.05,False,3,19.6208,2.3932,16.8999,21.3994,0.55,0.04,65.65,8.7,33.3
300,80,0.7,0.2,True,3,19.3779,1.1956,18.0241,20.2888,1.56,0.09,70.0,7,66.7
300,80,0.7,0.2,False,3,19.5043,1.1,18.7967,20.7716,0.53,0.03,67.7,8.7,66.7
300,80,0.7,0.5,True,3,18.8918,0.4808,18.406,19.3675,1.68,0.11,67.81,8.3,100.0
300,80,0.7,0.5,False,3,18.3781,1.6706,17.3902,20.307,0.56,0.04,73.59,9.3,66.7
300,80,0.8,0.01,True,3,17.6674,2.2557,15.2565,19.7267,1.44,0.08,55.75,7.3,100.0
300,80,0.8,0.01,False,3,18.2879,1.3758,16.6995,19.1079,0.55,0.03,66.15,10.3,100.0
300,80,0.8,0.05,True,3,18.1932,0.6923,17.5986,18.9532,1.47,0.06,68.1,8.7,100.0
300,80,0.8,0.05,False,3,17.3697,0.2467,17.0852,17.5244,0.53,0.04,71.68,7.7,100.0
300,80,0.8,0.2,True,3,16.1603,1.5833,14.8723,17.928,1.55,0.14,76.47,8.7,100.0
300,80,0.8,0.2,False,3,20.2241,1.1551,19.1677,21.4575,0.53,0.03,63.38,7.3,33.3
300,80,0.8,0.5,True,3,17.1166,1.9814,15.4101,19.2896,1.68,0.03,70.96,8,100.0
300,80,0.8,0.5,False,3,17.6936,1.2231,16.2902,18.5323,0.52,0.01,74.17,10,100.0
300,80,0.9,0.01,True,3,16.3952,1.7062,15.4101,18.3654,1.47,0.1,63.18,7.7,100.0
300,80,0.9,0.01,False,3,20.3429,0.2829,20.1319,20.6644,0.5,0.01,64.04,8.7,0.0
300,80,0.9,0.05,True,3,17.9652,1.81,15.8886,19.2083,1.5,0.13,76.94,9.7,100.0
300,80,0.9,0.05,False,3,18.8078,1.1602,17.4802,19.6276,0.5,0.01,67.49,10.7,100.0
300,80,0.9,0.2,True,3,16.5676,1.4289,15.4101,18.1647,1.6,0.18,74.48,9.3,100.0
300,80,0.9,0.2,False,3,18.3317,0.5308,18.016,18.9445,0.58,0.03,68.63,8.7,100.0
300,80,0.9,0.5,True,3,16.914,1.7137,15.4101,18.7797,1.84,0.18,76.04,8.3,100.0
300,80,0.9,0.5,False,3,18.2041,0.9574,17.3461,19.2369,0.61,0.01,73.0,8,100.0
500,20,0.6,0.01,True,3,16.7637,0.8848,16.2051,17.7839,0.71,0.01,68.04,7.7,100.0
500,20,0.6,0.01,False,3,19.8639,0.8798,19.0782,20.8145,0.27,0.0,51.87,8.3,66.7
500,20,0.6,0.05,True,3,16.8189,1.4978,15.2565,18.2425,0.71,0.01,65.99,9.3,100.0
500,20,0.6,0.05,False,3,16.6586,2.5271,14.9866,19.5657,0.24,0.01,57.35,8.7,100.0
500,20,0.6,0.2,True,3,17.5277,1.4395,15.8707,18.4699,0.65,0.01,65.87,8.7,100.0
500,20,0.6,0.2,False,3,19.3693,0.7783,18.5342,20.0744,0.27,0.0,60.24,9,66.7
500,20,0.6,0.5,True,3,16.7769,1.6608,14.8768,17.9517,0.82,0.03,68.28,8,100.0
500,20,0.6,0.5,False,3,16.849,1.6657,15.8873,18.7724,0.25,0.01,70.43,8,100.0
500,20,0.7,0.01,True,3,17.3049,1.4125,16.2189,18.9018,0.61,0.01,55.81,8,100.0
500,20,0.7,0.01,False,3,17.1753,1.8951,15.8847,19.351,0.26,0.02,68.08,7.7,100.0
500,20,0.7,0.05,True,3,17.7491,1.6679,16.2184,19.5267,0.74,0.01,65.58,9,100.0
500,20,0.7,0.05,False,3,19.4222,0.4657,19.1418,19.9598,0.27,0.02,72.17,8.7,100.0
500,20,0.7,0.2,True,3,16.6337,1.7388,14.8723,18.349,0.69,0.04,71.69,9,100.0
500,20,0.7,0.2,False,3,17.0364,1.1082,16.2189,18.2978,0.27,0.02,72.75,10.7,100.0
500,20,0.7,0.5,True,3,16.0505,0.7379,15.4101,16.8574,0.78,0.07,75.6,6.3,100.0
500,20,0.7,0.5,False,3,17.6213,1.1276,16.3619,18.5371,0.27,0.02,66.56,9.3,100.0
500,20,0.8,0.01,True,3,15.2264,0.6286,14.8635,15.9522,0.62,0.02,75.03,8.7,100.0
500,20,0.8,0.01,False,3,19.207,0.9038,18.349,20.1505,0.27,0.0,57.24,9.3,66.7
500,20,0.8,0.05,True,3,17.9698,0.5774,17.3147,18.4044,0.67,0.05,56.43,8,100.0
500,20,0.8,0.05,False,3,16.1985,0.7468,15.4101,16.8953,0.28,0.01,66.42,9.7,100.0
500,20,0.8,0.2,True,3,15.3589,0.0887,15.2565,15.4101,0.66,0.02,72.78,9,100.0
500,20,0.8,0.2,False,3,18.2499,1.9369,16.1366,19.9405,0.28,0.01,61.57,9.3,100.0
500,20,0.8,0.5,True,3,15.9861,0.6484,15.2565,16.4966,0.76,0.05,65.74,8.7,100.0
500,20,0.8,0.5,False,3,17.7526,1.6237,15.8919,18.8827,0.29,0.0,63.09,9,100.0
500,20,0.9,0.01,True,3,16.9741,1.3433,15.8707,18.4699,0.63,0.02,73.4,9.3,100.0
500,20,0.9,0.01,False,3,16.9119,1.1386,15.7417,18.016,0.28,0.02,72.17,8.7,100.0
500,20,0.9,0.05,True,3,15.7181,0.522,15.4101,16.3208,0.68,0.05,72.35,8.7,100.0
500,20,0.9,0.05,False,3,17.7056,1.0232,16.5818,18.5833,0.29,0.01,67.27,9.3,100.0
500,20,0.9,0.2,True,3,18.1336,0.8197,17.5022,19.06,0.69,0.05,66.29,8.3,100.0
500,20,0.9,0.2,False,3,17.4995,2.4449,15.4101,20.1884,0.26,0.02,66.39,10.7,66.7
500,20,0.9,0.5,True,3,15.7812,0.5455,15.2565,16.3453,0.77,0.06,73.97,8.7,100.0
500,20,0.9,0.5,False,3,16.7441,2.0413,15.2698,19.0739,0.3,0.01,69.09,11.3,100.0
500,40,0.6,0.01,True,3,18.4093,0.4008,17.965,18.7438,1.21,0.07,56.18,9,100.0
500,40,0.6,0.01,False,3,19.3411,1.2293,18.0378,20.4799,0.45,0.03,63.95,6.7,66.7
500,40,0.6,0.05,True,3,17.8811,0.4981,17.3294,18.2978,1.23,0.1,55.95,7.3,100.0
500,40,0.6,0.05,False,3,17.5625,1.8024,15.8886,19.4705,0.47,0.04,61.07,10,100.0
500,40,0.6,0.2,True,3,16.8459,1.4443,15.7524,18.4832,1.47,0.07,70.14,9,100.0
500,40,0.6,0.2,False,3,17.1475,1.765,16.0994,19.1853,0.49,0.04,62.16,9,100.0
500,40,0.6,0.5,True,3,17.0472,0.8743,16.3022,18.0098,1.48,0.1,60.67,10,100.0
500,40,0.6,0.5,False,3,17.0423,1.6927,15.8847,18.985,0.5,0.03,62.99,9,100.0
500,40,0.7,0.01,True,3,16.3694,2.1523,14.8635,18.8346,1.16,0.06,67.5,7.7,100.0
500,40,0.7,0.01,False,3,17.8532,1.7184,15.8707,18.9164,0.51,0.01,66.85,8.3,100.0
500,40,0.7,0.05,True,3,17.0729,2.2968,15.2698,19.6588,1.2,0.06,61.62,7.7,100.0
500,40,0.7,0.05,False,3,19.3884,0.6965,18.6568,20.0434,0.44,0.01,61.12,8.7,66.7
500,40,0.7,0.2,True,3,18.6389,0.4091,18.1904,18.9917,1.45,0.06,72.32,6.7,100.0
500,40,0.7,0.2,False,3,17.2269,2.1416,15.7417,19.6818,0.5,0.03,68.94,10.3,100.0
500,40,0.7,0.5,True,3,16.4492,2.0544,15.2565,18.8214,1.52,0.14,67.39,8,100.0
500,40,0.7,0.5,False,3,17.8325,1.1399,16.5367,18.6806,0.46,0.0,73.15,9.7,100.0
500,40,0.8,0.01,True,3,15.3121,0.0964,15.2565,15.4234,1.3,0.04,71.97,8,100.0
500,40,0.8,0.01,False,3,17.9742,1.2632,16.6576,19.1762,0.45,0.01,65.38,9.3,100.0
500,40,0.8,0.05,True,3,16.6749,1.5723,15.6674,18.4866,1.34,0.11,69.62,8.7,100.0
500,40,0.8,0.05,False,3,16.9375,1.0001,15.9522,17.9517,0.46,0.01,67.16,10.3,100.0
500,40,0.8,0.2,True,3,15.8898,0.0094,15.884,15.9006,1.33,0.06,70.22,8.3,100.0
500,40,0.8,0.2,False,3,16.4155,1.0559,15.4101,17.5155,0.65,0.28,71.17,10,100.0
500,40,0.8,0.5,True,3,17.3009,1.3063,15.9006,18.4866,3.66,0.06,69.33,7.7,100.0
500,40,0.8,0.5,False,3,18.4126,0.4506,17.9361,18.8318,1.21,0.03,60.86,9.7,100.0
500,40,0.9,0.01,True,3,16.5023,1.1935,15.7417,17.8778,3.36,0.29,64.17,7,100.0
500,40,0.9,0.01,False,3,17.544,1.1267,16.2573,18.3536,1.21,0.07,65.05,8.7,100.0
500,40,0.9,0.05,True,3,17.3196,1.3693,15.7417,18.1959,3.34,0.11,68.19,8.7,100.0
500,40,0.9,0.05,False,3,17.7906,0.8604,17.1014,18.7549,1.26,0.1,61.11,8.3,100.0
500,40,0.9,0.2,True,3,15.4672,0.3535,15.2565,15.8753,3.6,0.24,67.89,7.7,100.0
500,40,0.9,0.2,False,3,15.8736,0.603,15.2698,16.4757,1.09,0.34,70.51,9.3,100.0
500,40,0.9,0.5,True,3,17.5669,1.4737,15.8707,18.5323,1.39,0.02,72.29,8.7,100.0
500,40,0.9,0.5,False,3,17.9488,1.0521,16.7665,18.782,0.54,0.01,65.68,9.7,100.0
500,80,0.6,0.01,True,3,15.6274,0.5028,15.2698,16.2023,3.06,0.96,71.42,9,100.0
500,80,0.6,0.01,False,3,19.0146,0.9323,17.9563,19.7147,2.88,0.02,59.71,10,100.0
500,80,0.6,0.05,True,3,17.3514,2.6932,15.4234,20.4286,6.37,0.52,59.74,6,66.7
500,80,0.6,0.05,False,3,19.8361,0.6227,19.2141,20.4595,2.13,0.02,68.2,6,66.7
500,80,0.6,0.2,True,3,18.6068,0.4807,18.2425,19.1516,6.4,0.61,67.13,7.7,100.0
500,80,0.6,0.2,False,3,17.9301,1.4298,16.2948,18.9445,2.11,0.03,67.31,10,100.0
500,80,0.6,0.5,True,3,15.9236,0.7743,15.2565,16.7727,6.78,0.24,62.14,8.3,100.0
500,80,0.6,0.5,False,3,17.6856,1.8077,16.5367,19.7692,2.21,0.06,69.79,9.7,100.0
500,80,0.7,0.01,True,3,16.1109,0.9767,15.2565,17.1757,6.53,0.76,70.18,8,100.0
500,80,0.7,0.01,False,3,18.5236,1.6184,16.8999,20.1366,0.98,0.16,64.37,11.3,66.7
500,80,0.7,0.05,True,3,16.0307,0.2512,15.884,16.3208,2.55,0.04,67.95,8.3,100.0
500,80,0.7,0.05,False,3,17.5372,1.418,15.9006,18.3998,1.13,0.33,64.51,8,100.0
500,80,0.7,0.2,True,3,17.3027,1.1134,16.2051,18.4313,6.53,0.24,70.18,8.3,100.0
500,80,0.7,0.2,False,3,18.3621,0.3189,18.0004,18.6026,2.24,0.14,64.68,9,100.0
500,80,0.7,0.5,True,3,16.1038,0.7395,15.2698,16.6797,8.05,1.41,68.26,8.7,100.0
500,80,0.7,0.5,False,3,16.8233,2.1801,15.2698,19.3155,2.27,0.14,76.46,9.3,100.0
500,80,0.8,0.01,True,3,17.0406,1.0457,15.8873,17.9271,5.96,0.06,68.69,9,100.0
500,80,0.8,0.01,False,3,18.7621,0.1847,18.5559,18.9122,2.13,0.02,60.69,9.3,100.0
500,80,0.8,0.05,True,3,15.1278,0.2445,14.9866,15.4101,6.05,0.12,73.52,7,100.0
500,80,0.8,0.05,False,3,18.2887,0.6922,17.5155,18.8506,2.31,0.14,60.07,9,100.0
500,80,0.8,0.2,True,3,17.4347,1.7421,15.4234,18.4699,6.6,0.36,61.88,7,100.0
500,80,0.8,0.2,False,3,16.9118,1.691,15.4101,18.7434,2.48,0.26,63.15,9,100.0
500,80,0.8,0.5,True,3,17.0201,1.6342,15.2565,18.4832,7.35,0.32,65.56,7,100.0
500,80,0.8,0.5,False,3,17.3532,1.302,15.8707,18.3111,1.68,0.74,64.86,10,100.0
500,80,0.9,0.01,True,3,16.2227,1.6836,14.8768,18.1105,2.37,0.13,71.47,7.7,100.0
500,80,0.9,0.01,False,3,19.3706,0.5117,18.8513,19.8744,0.87,0.01,65.34,8,100.0
500,80,0.9,0.05,True,3,16.3213,1.1273,15.2565,17.5022,2.61,0.09,70.5,10,100.0
500,80,0.9,0.05,False,3,17.5531,1.0659,16.3453,18.3623,1.02,0.1,66.82,9.7,100.0
500,80,0.9,0.2,True,3,15.7316,0.2673,15.4234,15.9006,5.57,1.75,69.38,9,100.0
500,80,0.9,0.2,False,3,15.7227,0.2708,15.4101,15.8873,2.23,0.02,76.09,7.7,100.0
500,80,0.9,0.5,True,3,16.207,1.1431,15.2698,17.4806,7.07,0.08,69.87,8.7,100.0
500,80,0.9,0.5,False,3,17.5114,1.9064,15.4234,19.1592,2.28,0.04,66.42,11,100.0
700,20,0.6,0.01,True,3,17.3666,1.8359,15.2565,18.5981,2.25,0.06,57.18,6.7,100.0
700,20,0.6,0.01,False,3,15.6903,0.3774,15.2565,15.9436,0.88,0.03,70.25,9.3,100.0
700,20,0.6,0.05,True,3,16.9771,1.3689,15.4234,18.0056,2.54,0.02,61.43,8.7,100.0
700,20,0.6,0.05,False,3,17.9346,0.5441,17.3822,18.4699,0.89,0.03,61.12,9.7,100.0
700,20,0.6,0.2,True,3,16.6364,1.8581,15.2698,18.7521,2.4,0.08,70.56,9,100.0
700,20,0.6,0.2,False,3,18.4475,0.8272,17.5022,19.0386,0.89,0.03,62.38,9.7,100.0
700,20,0.6,0.5,True,3,16.3641,1.4103,15.2565,17.9517,2.74,0.09,64.8,8.7,100.0
700,20,0.6,0.5,False,3,17.377,1.8685,15.2698,18.8318,0.93,0.04,58.18,8.7,100.0
700,20,0.7,0.01,True,3,16.2258,1.4129,15.4101,17.8573,2.31,0.03,71.2,9,100.0
700,20,0.7,0.01,False,3,18.3228,2.4785,15.884,20.8392,0.89,0.03,59.01,11,66.7
700,20,0.7,0.05,True,3,15.6651,0.6955,14.8856,16.2223,2.3,0.01,67.71,9,100.0
700,20,0.7,0.05,False,3,18.5652,0.2287,18.3888,18.8236,0.89,0.04,52.25,9,100.0
700,20,0.7,0.2,True,3,15.7599,0.1029,15.6674,15.8707,2.44,0.04,59.9,7.7,100.0
700,20,0.7,0.2,False,3,16.3119,1.5389,15.4234,18.0888,0.88,0.03,64.84,10.3,100.0
700,20,0.7,0.5,True,3,15.5169,0.3176,15.2565,15.8707,2.72,0.12,67.63,9,100.0
700,20,0.7,0.5,False,3,17.2468,1.748,15.2565,18.5323,1.07,0.06,68.04,9,100.0
700,20,0.8,0.01,True,3,15.0355,0.201,14.8635,15.2565,2.31,0.02,68.44,8.7,100.0
700,20,0.8,0.01,False,3,16.8191,1.7303,15.7417,18.815,0.89,0.02,68.26,10,100.0
700,20,0.8,0.05,True,3,16.0748,1.8773,14.9866,18.2425,2.4,0.06,70.32,9,100.0
700,20,0.8,0.05,False,3,17.2321,2.094,14.8768,18.8833,0.9,0.01,48.01,8.7,100.0
700,20,0.8,0.2,True,3,15.574,0.2725,15.4101,15.8886,2.44,0.03,60.28,8.3,100.0
700,20,0.8,0.2,False,3,17.5826,0.7923,16.6682,18.0658,0.9,0.02,56.86,9.7,100.0
700,20,0.8,0.5,True,3,16.9401,1.9396,15.7417,19.1779,2.59,0.1,70.21,7,100.0
700,20,0.8,0.5,False,3,16.5834,1.1965,15.8847,17.965,0.93,0.01,63.88,8.7,100.0
700,20,0.9,0.01,True,3,16.2984,1.1316,15.2565,17.5022,2.35,0.02,73.4,7.3,100.0
700,20,0.9,0.01,False,3,18.1918,1.7206,16.2051,19.1926,0.89,0.01,61.5,8.7,100.0
700,20,0.9,0.05,True,3,17.459,1.3788,15.8707,18.349,2.38,0.02,64.5,8.7,100.0
700,20,0.9,0.05,False,3,16.8154,2.4111,15.4234,19.5995,0.9,0.02,59.54,8.3,100.0
700,20,0.9,0.2,True,3,15.8785,1.4208,14.8635,17.5022,2.76,0.12,72.54,8,100.0
700,20,0.9,0.2,False,3,17.4071,1.3519,15.8707,18.4146,0.92,0.01,59.92,7.7,100.0
700,20,0.9,0.5,True,3,15.4101,0.0,15.4101,15.4101,2.65,0.05,56.66,8.3,100.0
700,20,0.9,0.5,False,3,16.4245,0.9333,15.884,17.5022,1.0,0.1,68.65,9.7,100.0
700,40,0.6,0.01,True,3,16.1776,0.6448,15.7436,16.9186,5.41,0.16,67.91,10.3,100.0
700,40,0.6,0.01,False,3,19.1237,0.6888,18.5981,19.9035,2.01,0.02,60.11,10.7,100.0
700,40,0.6,0.05,True,3,16.1926,1.159,14.9999,17.3147,4.9,0.49,70.63,8.3,100.0
700,40,0.6,0.05,False,3,16.7137,1.7451,15.2698,18.6529,1.56,0.07,66.35,12.3,100.0
700,40,0.6,0.2,True,3,16.8565,2.0067,15.4234,19.1499,5.46,0.58,53.73,8.3,100.0
700,40,0.6,0.2,False,3,15.7318,0.2671,15.4234,15.8873,1.96,0.14,71.08,9.3,100.0
700,40,0.6,0.5,True,3,16.5521,1.5853,15.4101,18.3621,6.29,0.3,67.97,8.7,100.0
700,40,0.6,0.5,False,3,17.1916,1.6881,15.2565,18.3621,2.04,0.09,66.55,12.3,100.0
700,40,0.7,0.01,True,3,16.8501,1.9,15.4101,19.0035,6.44,0.7,67.07,6,100.0
700,40,0.7,0.01,False,3,16.7373,1.6586,15.4101,18.5966,2.24,0.09,67.52,10.3,100.0
700,40,0.7,0.05,True,3,16.142,1.1957,15.2565,17.5022,4.91,0.71,67.78,9.3,100.0
700,40,0.7,0.05,False,3,16.985,1.3753,15.4234,18.016,1.59,0.02,60.83,10.3,100.0
700,40,0.7,0.2,True,3,17.2526,1.6229,15.4101,18.4699,4.61,0.04,62.36,9.3,100.0
700,40,0.7,0.2,False,3,16.7651,1.6826,15.4234,18.6529,1.64,0.04,69.17,8.7,100.0
700,40,0.7,0.5,True,3,16.5333,1.6396,15.2565,18.3823,5.12,0.07,72.75,8.3,100.0
700,40,0.7,0.5,False,3,17.5909,0.7948,16.8441,18.4263,1.64,0.02,63.73,9.3,100.0
700,40,0.8,0.01,True,3,16.2836,1.7559,15.2698,18.3111,4.64,0.15,72.02,9,100.0
700,40,0.8,0.01,False,3,19.0721,0.6668,18.3024,19.4751,1.67,0.12,63.63,8.3,100.0
700,40,0.8,0.05,True,3,16.4252,1.3558,15.4101,17.965,2.67,1.74,69.57,8.3,100.0
700,40,0.8,0.05,False,3,16.5056,0.5546,15.8707,16.8953,0.74,0.09,72.2,9,100.0
700,40,0.8,0.2,True,3,16.5324,1.7058,15.2565,18.4699,1.97,0.17,68.12,9.3,100.0
700,40,0.8,0.2,False,3,15.7819,0.4825,15.2565,16.2051,0.77,0.05,74.26,9,100.0
700,40,0.8,0.5,True,3,15.2654,0.0077,15.2565,15.2698,2.18,0.12,65.88,8.3,100.0
700,40,0.8,0.5,False,3,16.4398,1.9069,15.2565,18.6396,0.66,0.01,69.9,9,100.0
700,40,0.9,0.01,True,3,16.2305,1.552,15.2565,18.0202,1.89,0.16,60.1,9.3,100.0
700,40,0.9,0.01,False,3,16.3011,1.563,14.9866,18.0293,0.71,0.03,63.89,8,100.0
700,40,0.9,0.05,True,3,16.1593,1.5638,15.2565,17.965,1.89,0.12,63.22,7.3,100.0
700,40,0.9,0.05,False,3,16.4758,1.4528,15.4234,18.1333,0.73,0.06,66.8,9,100.0
700,40,0.9,0.2,True,3,16.4289,0.9411,15.8707,17.5155,1.9,0.14,63.49,9,100.0
700,40,0.9,0.2,False,3,16.8686,1.7026,15.8707,18.8346,0.71,0.04,71.12,9.3,100.0
700,40,0.9,0.5,True,3,15.2609,0.0077,15.2565,15.2698,2.11,0.07,75.85,8.3,100.0
700,40,0.9,0.5,False,3,15.6629,0.7039,15.2565,16.4757,0.7,0.05,70.27,8.7,100.0
700,80,0.6,0.01,True,3,18.1913,2.7861,16.128,21.3606,4.24,1.21,47.51,6,66.7
700,80,0.6,0.01,False,3,17.4927,1.8047,15.4101,18.5981,3.12,0.13,64.8,8.7,100.0
700,80,0.6,0.05,True,3,15.2654,0.0077,15.2565,15.2698,8.4,0.07,71.86,7.7,100.0
700,80,0.6,0.05,False,3,18.5835,0.9775,17.5155,19.4336,3.0,0.04,63.94,10,100.0
700,80,0.6,0.2,True,3,16.9851,1.5867,15.4101,18.5833,6.18,3.09,67.1,7,100.0
700,80,0.6,0.2,False,3,17.1556,1.1515,15.8707,18.094,1.43,0.17,60.22,8,100.0
700,80,0.6,0.5,True,3,17.0298,1.1272,16.1413,18.2978,9.76,0.75,69.97,6.3,100.0
700,80,0.6,0.5,False,3,16.1935,1.1334,15.2565,17.4532,3.1,0.03,66.63,11.3,100.0
700,80,0.7,0.01,True,3,16.3876,1.7008,14.9954,18.2833,8.64,0.45,63.03,8,100.0
700,80,0.7,0.01,False,3,18.719,1.007,17.9494,19.8587,3.03,0.02,58.59,8.3,100.0
700,80,0.7,0.05,True,3,16.5887,1.6586,15.4101,18.4854,8.48,0.03,63.85,6.3,100.0
700,80,0.7,0.05,False,3,16.7652,1.5263,15.884,18.5277,3.04,0.02,73.5,9,100.0
700,80,0.7,0.2,True,3,17.0963,1.2284,16.1579,18.4866,9.28,0.43,72.92,10.3,100.0
700,80,0.7,0.2,False,3,18.9903,0.2442,18.8346,19.2718,3.1,0.03,58.73,9.3,100.0
700,80,0.7,0.5,True,3,16.989,1.5035,15.2565,17.9517,9.8,0.45,60.4,8,100.0
700,80,0.7,0.5,False,3,15.6245,0.5066,15.2565,16.2023,3.42,0.37,66.39,9,100.0
700,80,0.8,0.01,True,3,16.1141,1.4726,14.8635,17.7371,9.13,0.55,62.92,10.3,100.0
700,80,0.8,0.01,False,3,17.1361,1.2575,15.8873,18.4021,3.1,0.04,62.37,9,100.0
700,80,0.8,0.05,True,3,16.0649,1.6396,14.9866,17.9517,8.93,0.47,64.97,8,100.0
700,80,0.8,0.05,False,3,17.8918,1.7715,15.8707,19.1754,1.45,0.42,59.97,7.7,100.0
700,80,0.8,0.2,True,3,16.8939,1.4728,15.2565,18.1105,3.8,0.23,69.56,8,100.0
700,80,0.8,0.2,False,3,17.759,1.688,15.8707,19.1216,1.49,0.04,61.26,9.7,100.0
700,80,0.8,0.5,True,3,15.1255,0.2269,14.8635,15.2565,4.19,0.28,67.97,8.7,100.0
700,80,0.8,0.5,False,3,16.7854,1.3077,15.8707,18.2833,1.29,0.08,68.9,11,100.0
700,80,0.9,0.01,True,3,15.1255,0.2269,14.8635,15.2565,3.97,0.27,64.97,8.7,100.0
700,80,0.9,0.01,False,3,18.1409,0.2461,17.8573,18.2978,1.47,0.17,61.88,9.3,100.0
700,80,0.9,0.05,True,3,16.4117,1.6472,15.2565,18.2978,4.07,0.29,62.48,7.7,100.0
700,80,0.9,0.05,False,3,16.5049,0.661,15.7417,16.8953,1.31,0.1,67.3,12.7,100.0
700,80,0.9,0.2,True,3,16.3871,1.8269,15.2565,18.4948,3.62,0.01,74.62,6.3,100.0
700,80,0.9,0.2,False,3,17.4564,1.9103,15.2698,18.8015,1.3,0.08,70.75,11.3,100.0
700,80,0.9,0.5,True,3,15.1255,0.2269,14.8635,15.2565,4.19,0.14,72.08,7.3,100.0
700,80,0.9,0.5,False,3,15.3903,0.5111,14.8635,15.884,1.4,0.08,68.6,9.3,100.0
